-- phpMyAdmin SQL Dump
-- version 5.1.0
-- https://www.phpmyadmin.net/
--
-- Máy chủ: localhost
-- Thời gian đã tạo: Th10 19, 2021 lúc 02:40 AM
-- Phiên bản máy phục vụ: 10.4.19-MariaDB
-- Phiên bản PHP: 8.0.6

SET SQL_MODE = "NO_AUTO_VALUE_ON_ZERO";
START TRANSACTION;
SET time_zone = "+00:00";


/*!40101 SET @OLD_CHARACTER_SET_CLIENT=@@CHARACTER_SET_CLIENT */;
/*!40101 SET @OLD_CHARACTER_SET_RESULTS=@@CHARACTER_SET_RESULTS */;
/*!40101 SET @OLD_COLLATION_CONNECTION=@@COLLATION_CONNECTION */;
/*!40101 SET NAMES utf8mb4 */;

--
-- Cơ sở dữ liệu: `mytour2`
--

-- --------------------------------------------------------

--
-- Cấu trúc bảng cho bảng `bill`
--

CREATE TABLE `bill` (
  `codeBill` int(6) NOT NULL,
  `codeCustomer` int(6) NOT NULL,
  `dateOrder` date NOT NULL,
  `totalMoney` int(11) NOT NULL
) ENGINE=InnoDB DEFAULT CHARSET=utf8mb4;

--
-- Đang đổ dữ liệu cho bảng `bill`
--

INSERT INTO `bill` (`codeBill`, `codeCustomer`, `dateOrder`, `totalMoney`) VALUES
(10, 1, '2021-10-10', 1890000),
(11, 1, '2021-10-10', 4060000),
(12, 2, '2021-10-10', 28003000),
(13, 1, '2021-10-11', 1938000),
(14, 1, '2021-10-11', 3116000),
(15, 9, '2021-10-11', 5250000),
(16, 1, '2021-10-17', 10152000),
(17, 1, '2021-10-17', 2052000),
(19, 1, '2021-10-17', 10368000),
(20, 1, '2021-10-17', 4480000),
(21, 21, '2021-10-19', 700000);

-- --------------------------------------------------------

--
-- Cấu trúc bảng cho bảng `customer`
--

CREATE TABLE `customer` (
  `codeCustomer` int(6) NOT NULL,
  `nameCustomer` varchar(128) NOT NULL,
  `userName` varchar(128) NOT NULL,
  `passWord` varchar(128) NOT NULL,
  `email` varchar(128) NOT NULL,
  `address` text NOT NULL,
  `phone` varchar(10) NOT NULL
) ENGINE=InnoDB DEFAULT CHARSET=utf8mb4;

--
-- Đang đổ dữ liệu cho bảng `customer`
--

INSERT INTO `customer` (`codeCustomer`, `nameCustomer`, `userName`, `passWord`, `email`, `address`, `phone`) VALUES
(1, 'Lâm Dương An', 'duongan1405', '202cb962ac59075b964b07152d234b70', 'duongan1405@gmail.com', '80 Hoàng Ngân', '0902408214'),
(2, 'Lâm Dương An', 'duongan140599', '202cb962ac59075b964b07152d234b70', 'duongan1405@gmail.com', '80 Hoàng Ngân', '0902408214'),
(9, 'Lâm Dương An', 'duongan14', '202cb962ac59075b964b07152d234b70', 'duongan1405@gmail.com', '80 Hoàng Ngân', '0902408214');

-- --------------------------------------------------------

--
-- Cấu trúc bảng cho bảng `detailbill`
--

CREATE TABLE `detailbill` (
  `codeBill` int(6) NOT NULL,
  `numOld` int(20) NOT NULL,
  `moneyOld` int(20) NOT NULL,
  `numYoung` int(20) NOT NULL,
  `moneyYoung` int(20) NOT NULL,
  `tourID` int(6) NOT NULL
) ENGINE=InnoDB DEFAULT CHARSET=utf8mb4;

--
-- Đang đổ dữ liệu cho bảng `detailbill`
--

INSERT INTO `detailbill` (`codeBill`, `numOld`, `moneyOld`, `numYoung`, `moneyYoung`, `tourID`) VALUES
(10, 2, 1400000, 1, 490000, 2),
(11, 3, 2100000, 4, 1960000, 2),
(12, 2, 13660000, 3, 14343000, 5),
(13, 3, 1140000, 3, 798000, 12),
(14, 4, 1520000, 6, 1596000, 11),
(15, 4, 2800000, 5, 2450000, 2),
(16, 4, 7520000, 2, 2632000, 9),
(17, 4, 1520000, 2, 532000, 12),
(19, 5, 8100000, 2, 2268000, 10),
(20, 5, 3500000, 2, 980000, 2),
(21, 1, 700000, 0, 0, 2);

-- --------------------------------------------------------

--
-- Cấu trúc bảng cho bảng `tour`
--

CREATE TABLE `tour` (
  `tourID` int(11) NOT NULL,
  `tourName` varchar(128) NOT NULL,
  `startingPoint` varchar(128) NOT NULL,
  `destination` varchar(128) NOT NULL,
  `time` varchar(128) NOT NULL,
  `transport` varchar(128) NOT NULL,
  `begin` date DEFAULT NULL,
  `end` date DEFAULT NULL,
  `priceTour` int(11) NOT NULL,
  `sale` varchar(11) NOT NULL,
  `saleTour` int(11) NOT NULL,
  `numPeople` int(11) NOT NULL,
  `thumbnail` text NOT NULL,
  `galleries` longtext NOT NULL,
  `typeTour` int(11) NOT NULL,
  `typeDestination` varchar(5) DEFAULT NULL,
  `schedule` text NOT NULL,
  `detailTour` text NOT NULL
) ENGINE=InnoDB DEFAULT CHARSET=utf8mb4;

--
-- Đang đổ dữ liệu cho bảng `tour`
--

INSERT INTO `tour` (`tourID`, `tourName`, `startingPoint`, `destination`, `time`, `transport`, `begin`, `end`, `priceTour`, `sale`, `saleTour`, `numPeople`, `thumbnail`, `galleries`, `typeTour`, `typeDestination`, `schedule`, `detailTour`) VALUES
(1, 'Du lịch Côn Đảo', 'Hà Nội', 'Côn Đảo', '3N2Đ', 'Máy bay + Ô tô', '2021-12-16', '2021-12-18', 6290000, '0', 0, 50, 'cd_1.jpeg', 'cd_2.jpeg,cd_3.jpeg,cd_4.jpeg,cd_5.jpeg,cd_6.jpeg,cd_7.jpeg', 3, 'CD', '<ul align=\"justify\"> <li> Tham quan Làng Cỏ Ống, Bảo Tàng ,\r\n tham quan trại giam Phú Hải- trại giam đầu tiên được xây dựng tại Côn Đảo,nơi có truyền thuyết về hầm Xay Lúa. Cầu tàu 914</li>\r\n<li> Viếng Nghĩa trang Hàng Dương, miếu bà Phi Yến.. </li>\r\n</ul>\r\n', '<h3>NGÀY 1: TPHCM – THỊ TRẤN HUYỆN CÔN ĐẢO ( ĂN TRƯA, TỐI)</h3>\r\n    <p>Sáng: HDV đón Quý khách tại sân bay <strong>Tân Sơn Nhất</strong>, Làm thủ tục lên chuyến bay đi <strong>Côn Đảo</strong>. Hãng hàng Không Bamboo AirLines lúc 8h30.</p>\r\n    <p>Đến sân bay <strong>Cỏ Ống -  Đảo</strong>, HDV đưa quý khách về trung tâm. Trên đường về, Quý khách chiêm ngưỡng toàn cảnh rừng núi và biển cả bao la của Côn Đảo. Cùng lắng nghe HDV địa phương, giới thiệu tổng thể về cảnh quan thiên nhiên, con người nơi đây.</p>\r\n    <p>Đến thị trấn <strong>Côn Sơn</strong>, Quý khách dùng bữa trưa.</p>\r\n    <p>Sau đó về khách sạn, nhận phòng, nghỉ ngơi.</p>\r\n    <p>Chiều: Xe và HDV đưa Quý khách tham quan:</p>\r\n    <p>- <strong>Viếng Miếu Hoàng Tử Cải</strong> là con chúa Nguyễn Ánh và bà <strong>Hoàng Phi Yến</strong>.</p>\r\n    <p>- <strong>Viếng Mộ 75 Chiến Sỹ</strong></p>\r\n    <p>- Tham quan di tích<strong> Cầu Tàu 914</strong>: là nơi chứng kiến những giây phút vinh quang, xúc động nhất khi những lá cờ đỏ sao vàng tung bay rợp bóng vào ngày Cách mạng tháng Tám thành công, hay ngày đất nước hoàn toàn giải phóng, chứng kiến hàng ngàn tù nhân được tự do trở về đất liền.</p>\r\n    <p>- <strong>Cảng Bến Đầm</strong>: Là cảng lớn nhất và là trung tâm kinh tế chính của đảo.</p>\r\n    <p>Trên đường về dừng chân chụp ảnh lưu niệm tại <strong>Bãi Nhát:</strong> Ngắm Bãi Đá Trắng, Mũi Cá Mập. Viếng bia tưởng niệm cuộc vượt ngục lớn nhất trong lịch sử <strong>Côn Đảo</strong>. Ngắm hoàng hôn xuống dần trên đỉnh Tình Yêu. </p>\r\n    <p><strong>Bãi Đầm Trầu</strong> – một trong những bãi biển còn nguyên sơ và đẹp của <strong>Côn Đảo</strong>. Tự do tắm biển và thưởng thức hải sản tươi sống của ngư dân địa phương (chi phí tự túc). </p>\r\n    <p>Về thị trấn <strong>Côn Đảo</strong>, dùng cơm chiều tại nhà hàng.</p>\r\n    <p>Tối: Tự do khám phá <strong>Côn Đảo</strong> về đêm hoặc thưởng thực <strong>Café Côn Sơn</strong> thả ánh nhìn về phía đại dương xa xăm, tận thưởng không khí trong lành, thoáng đãng nơi đảo xa. </p>\r\n    <h3>NGÀY 2: CÔN ĐẢO DI TÍCH – TẮM BIỂN – VIẾNG NGHĨA TRANG HÀNG DƯƠNG ( ĂN SÁNG, TRƯA, TỐI)</h3>\r\n    <p>Sáng: Quý khách dùng điểm tâm. Tắm biển tự do. Xe và HDV đưa Quý khách tham quan cụm di tích lịch sử tại trung tâm thị trấn với:</p>\r\n    <p>- <strong>Trại Phú Hải</strong>: là trại tù lâu đời do thực dân Pháp xây dựng, nổi tiếng với hầm xay lúa, khu biệt giam và khu đập đá Côn Lôn, nơi nhà chí sỹ yêu nước Phan Chu Trinh từng bị giam cầm… </p>\r\n    <p>- <strong>Chuồng Cọp Kiểu Pháp</strong>: còn gọi là trại Phú Tường, là tâm điểm nhà tù Côn Đảo với hệ thống chuồng cọp kiên cố được xây dựng ẩn giữa các tòa nhà như mê cung. Xem chuồng cọp và nghe mô tả các hình thức tra tấn thể xác các tù nhân.</p>\r\n    <p>- <strong>Chuồng Cọp Kiểu Mỹ</strong>: còn gọi là trại Phú Bình với các dãy phòng giam nhỏ hẹp và ẩm thấp được xây dựng năm 1971. Nơi đây chủ yếu tra tấn tù nhân về tinh thần và là nơi nhận được tin Sài Gòn giải phóng đầu tiên.</p>\r\n    <p>- <strong>Khu biệt lập Chuồng Bò</strong>: Được dùng để chăn nuôi bò qua thời Pháp và Mỹ. Nơi đây dùng để tra tấn bằng cách ngâm tù nhân vào trong hầm phân bò.</p>\r\n    <p><strong>- Miếu bà Phi Yến</strong> - nơi thờ bà Phi Yến - thứ phi của chúa Nguyễn Ánh - gắn liền với câu hát dân gian nổi tiếng \"\"Gió đưa cây cải về trời, rau răm ở lại chịu lời đắng cay\"\".</p>\r\n    <p>Trưa: Đoàn ăn trưa tại nhà hàng.</p>\r\n    <p>Chiều: Đoàn khởi hành đi tham quan:</p>\r\n    <p>- <strong>Chùa Núi Một</strong> ( Vân Sơn Tự): Ngôi chùa duy nhất tại Côn Đảo, vừa được trùng tu với kinh phí khoảng 100 tỷ đồng, phục vụ đời sống tâm linh của người dân và du khách thập phương.</p>\r\n    <p>- <strong>Hồ An Hải</strong>: đây là một trong hai hồ nước ngọt lớn nhất cung cấp nước ngọt cho toàn huyện đảo. Du khách sẽ vô cùng ngạc nhiên và thú vị khi nhìn thấy ngay trên hòn đảo nhỏ giữa biển khơi lại có một hồ nước ngọt trong vắt cùng những những khóm hoa sen, hoa súng nở chi chít. Tạo nên cảnh quan vô cùng nên thơ và hấp dẫn.</p>\r\n    <p>Quý khách ghé tham quan Cơ sở nuôi cấy ngọc trai <strong>Côn Đảo</strong>: Tìm hiểu quy trình nuôi cấy và chiêm ngưỡng những viên ngọc trai tuyệt đẹp từ vùng biển Côn Đảo – nơi mà ngọc trai được đánh giá cao so với những vùng biển khác ở Việt Nam cả về độ bóng lẫn ánh xà cừ, không thua kém ngọc của các nước vốn nổi tiếng với nghề nuôi trai lấy ngọc trên thế giới. </p>\r\n    <div id=\"\"tour-schedule\"\" class=\"\"col-xs-12 no-padding\"\">\r\n        <div class=\"\"col-xs-12 tourScheduleContainer\"\">\r\n            <div class=\"\"tourSchedule\"\">\r\n               <h3>NGÀY 3: CÔN ĐẢO – SÂN BAY TÂN SƠN NHẤT ( ĂN SÁNG, TRƯA)</h3>\r\n                <p>Sáng: Quý khách dùng điểm tâm. Tắm biển tự do.</p>\r\n<p>08h00 :Quý khách ghé tham quan Cơ sở nuôi cấy ngọc trai <strong>Côn Đảo</strong>: Tìm hiểu quy trình nuôi cấy và chiêm ngưỡng những viên ngọc trai tuyệt đẹp từ vùng biển Côn Đảo – nơi mà ngọc trai được đánh giá cao so với những vùng biển khác ở Việt Nam cả về độ bóng lẫn ánh xà cừ, không thua kém ngọc của các nước vốn nổi tiếng với nghề nuôi trai lấy ngọc trên thế giới.</p>\r\n                <p>11h30: Đoàn về lại Khách Sạn, làm thủ tục trả phòng.</p>\r\n                <p>12h00 : Đoàn dùng cơm trưa tại nhà hàng. </p>\r\n                <p>13h00: Xe và HDV đưa Quý khách mua sắm đặc sản tại chợ Côn Đảo. và <strong>Trung Tâm Thương Mại Côn Đảo.</strong> </p>\r\n                <p>14h00: Xe đưa quý khách ra sân bay, làm thủ tục bay về HCM.</p>\r\n                <p>Chuyến bay hãng Bamboo lúc 16h05.</p>\r\n                <p>Chiều: Về đến sân bay <strong>Tân Sơn Nhất</strong>. HDV Chia tay và hẹn gặp lại Quý khách. Kết thúc chương trình.</p>\r\n           <p><em>Thứ tự tham quan có thể thay đổi nhưng vẫn đảm bảo đầy đủ điểm trong chương trình.</em></p>\r\n            </div>\r\n        </div>\r\n    </div>\r\n'),
(2, 'Du lịch Long Hải-vườn rau Thuỷ Canh-nông trại Cacao', 'TP. Hồ Chí Minh', 'Vũng Tàu', '1N', 'Xe máy', '2021-12-16', '2021-12-16', 799000, '10', 700000, 20, 'lh_1.jpeg', 'lh_2.jpeg,lh_3.jpeg,lh_4.jpeg,lh_5.jpeg,lh_6.gif,lh_7.gif', 3, 'VT', '<ul align=\"justify\" >\r\n<li> Tham quan rừng cao su.</li>\r\n<li>Tham quan quy trình sản xuất sô cô la tại Binon Cacao Park.</li>\r\n<li>Thư giãn, tắm biển Long Hải<br /><br /><br /></li>\r\n</ul>\r\n', '<p><strong>SÁNG: TP. HỒ CHÍ MINH – VƯỜN RAU – NÔNG TRẠI BINON</strong><br /><strong>06h00</strong>  : Xe &amp; HDV đón khách. Ăn sáng tại Dinh Độc Lập.<br /><strong>07h00 </strong> : Khởi hành đi Bà Rịa. Dọc đường tham quan rừng cao su. Cao su đang mùa thay lá, nên khách có thể chụp hình sống ảo rất đẹp.<br /><strong>09h00</strong>   Đoàn đến Vườn Rau Vươn Huy với khuôn viên 2ha lắp đặt các hệ thống khép kín, cơ sở ứng dụng công nghệ cao trồng rau trên giàn thủy canh hồi lưu. Được sự hướng dẫn của chủ vườn, du khách có thể tự tay trải nghiệm trồng rau hoặc thu hoạch rau.<br /><strong>09h45</strong>:  Xe đưa đoàn đến Công viên Binon Cacao. HDV đưa đoàn đi tham quan vườn Cacao, cùng tìm hiểu về các loại Cacao, cách trồng, chăm sóc và thu hoạch Cacao như thế nào.<br /><strong>10h15</strong> : Tham quan quy trình sản xuất sô cô la tại Binon Cacao Park. Du khách sẽ được hướng dẫn giới thiệu từ vườn ươm đến khu lên men, phơi, rang hạt Cacao; sau đó đên khu sản xuất ra các thành phẩm được làm từ Cacao như: nhân hạt Nibs, bột Cacao, bơ Cacao, Socola, … Đặc biệt, du khách được ăn thử để cảm nhận vị nguyên chất của nhân hạt Cacao rang.<br />(Optional) Tham gia trải nghiệm làm Socola (chi phí tự túc).Mỗi khách sẽ được nhận dụng cụ và nguyên liệu, được các chuyên viên Socola hướng dẫn cách làm ra 1 thanh Socola. Trong thời gian chờ thành phẩm Socola cấp đông, Quý khách sẽ tham quan khu vực các sản phẩm làm từ Socola. Khoảng 15-20 phút sau, quý khách sẽ nhận lại sản phẩm do chính tay mình làm ra, có thể thưởng thức tại chỗ (nhóm tham gia trải nghiệm làm socola sẽ không tham quan quy trình sản xuất)<br /><strong>CHIỀU: TẮM BIỂN KS PALACE LONG HẢI - TP. HỒ CHÍ MINH</strong><br /><strong>11h00 </strong> : Xe đưa đoàn đến Long Hải.<br /><strong>12h00</strong>  : Ăn trưa tại Nhà hàng ven biển trong Khách sạn Palace Long Hải<br /><strong>13h30</strong>  : Nghỉ ngơi thư giản, tắm biển hoặc tắm hồ bơi.<br /><strong>16h30</strong>  : Khởi hành về TPHCM. Trả khách về điểm đón. Tạm biệt và hẹn gặp lại.</p>'),
(3, 'Tour Tây Nguyên: Tà Đùng - Đà Lạt ', 'TP. Hồ Chí Minh', 'Tà Đùng - Đà Lạt', '3N3D', ' Ô tô', '2021-12-23', '2021-12-26', 2590000, '0', 0, 50, 'dl_1.jpeg', 'dl_2.jpeg,dl_3.jpeg,dl_4.gif,dl_5.jpeg,dl_6.gif,dl_7.gif', 3, 'DL', '<ul align=\"justify\">\r\n        <li> <strong>KDL Tà Đùng</strong> với nhiều điểm check in thú vị và hấp dẫn. Đặc biệt có cơ hội thỏa sức chinh phục “ Cầu kính duy nhất tại <strong>Tây Nguyên</strong>”. </li>\r\n        <li><strong>Buffet rau</strong> không giới hạn” thưởng thức hương vị tươi ngon nơi <strong>Phố Núi.</strong>\r\n        </li>\r\n        <li><strong> Nông Trại Cún Yêu - Puppy Farm </strong>- Điểm tham quan rất lạ và rất mới tại Đà Lạt - Ngoài dịp được vui đùa với bầy cún đa dạng về chủng loại, tinh nghịch và vô cùng đáng yêu.</li>\r\n        <li><strong>Thiền Viện Trúc Lâm</strong>, nằm trên núi <strong>Phụng Hoàng</strong>, giữa ngàn thông xanh ngắt, bên cạnh hồ Tuyền Lâm. </li>\r\n    </ul>\r\n', '<h3>ĐIỂM ĐÓN:</h3>\r\n    <p>21h00: 367 Tân Sơn P15 Quận Tân Bình.</p>\r\n    <p>21h30: Đón khách tại 03 Hoàng Việt, P4, Quận Tân Bình.</p>\r\n    <p>22h00: Đón khách tại Nhà Văn Hóa Thanh Niên, 04 Phạm Ngọc Thạch, Quận 1.</p>\r\n    <p>22h15: Đón khách tại Cây xăng Comeco, Ngã 4 Hàng Xanh, Quận Bình Thạnh.</p>\r\n    <p>22h30: Đón khách tại Ngã 4 Thủ Đức, Quận 9.</p>\r\n    <h3>ĐÊM 01: TP.HCM – TÀ ĐÙNG </h3>\r\n    <p>20h00: Xe và hướng dẫn viên công ty đón đoàn rời <strong>TP Hồ Chí Minh</strong> theo <strong>QL14 đi Tà Đùng</strong>.</p>\r\n    <p>Quý khách nghĩ đêm trên xe.</p>\r\n    <h3>NGÀY 01: TÀ ĐÙNG  - ĐÀ LẠT ( ĂN SÁNG, TRƯA, TỐI)</h3>\r\n    <p>06h00: Đến với <strong>Tà Đùng</strong> vào buổi sáng sớm, quý khách có thể săn mây bồng bềnh, thả hồn để tận hưởng cái thi vị mà thiên nhiên đã ban tặng.</p>\r\n    <p>Qúy khách dùng điểm tâm sáng tại nhà hàng</p>\r\n    <p>Quý khách khám phá <strong>KDL Tà Đùng</strong> với nhiều điểm check in thú vị và hấp dẫn. Đặc biệt có cơ hội thỏa sức chinh phục “ Cầu kính duy nhất tại <strong>Tây Nguyên</strong>”. Tại đây, du khách có thể cảm nhận được vẻ đẹp hoang sơ tựa bức tranh thiên nhiên tuyệt đẹp ẩn mình dưới ngọn đồi cao su bạt ngàn, cà phê nặng trĩu hạt.\r\n    </p>\r\n    <p>08h00: Quý khách lên thuyền khám phá <strong>Vịnh Hạ Long Tây Nguyên</strong> – Khu bảo tồn sinh quyển Tà Đùng, gồm 47 ốc đảo lớn nhỏ với diện tích 22.103 ha, trong đó 86,7% là diện tích rừng xanh bạt ngàn. (chi phí tự túc).\r\n    </p>\r\n    <p>Quý khách sẽ cảm nhận sự bình lặng, trong lành và thoải mái khi ngồi trên thuyền len lỏi qua những hòn đảo nhỏ nhấp nhô giữa dòng.</p>\r\n    <p>11h00: Qúy Khách thưởng thức ẩm thực Tại<strong> Tà Đùng</strong>, vừa dùng bữa vừa ngắm cảnh Hồ bình yên và thơ mộng.</p>\r\n    <p>12h00: Tiếp tục đến với <strong>Đà Lạt</strong>, du khách thỏa thích ngắm cảnh núi rừng, hoang sơ uốn lượn của<strong> Tây Nguyên</strong>, cảnh tuyệt đẹp và không gian phóng đãng quý khách không nên bỏ qua.</p>\r\n    <p>16h00: Quý khách về <strong>resort Wonder</strong> 4 sao nhận phòng nghỉ ngơi</p>\r\n    <p>Đến với <strong>Wonder Resort</strong> quý khách sẽ vô cùng thích thú thưởng ngoạn cảnh đẹp, tận hưởng không khí vô cùng thoáng đãng và sẽ thu được những bức ảnh vô cùng lung linh, sang chảnh nơi được ví như 1 <strong>Châu Âu</strong> thu nhỏ giữa lòng <strong>Đà Lạt</strong></p>\r\n    <p><strong>Wonder Resort</strong> là nơi lưu trú đẳng cấp, ngoài ra quy khách còn được khám phá các dịch vụ hấp dẫn:\r\n    </p>\r\n    <p><strong>Hồ Bơi vô Cực</strong>: Với lối thiết kế thật ấn tượng, hồ bơi vô cực là nơi tuyệt vời sát ngay nhánh hồ <strong>Tuyền Lâm</strong> mà khách có thể đắm mình vào làn nước tươi mát trong khi nhấm nháp những ngụm cocktail do các chuyên gia pha chế đảm trách. </p>\r\n    <p>17h30: Xe đưa quý Khách dùng buổi tối tại nhà hàng, sau đó tự do khám phá <strong>Đà Lạt</strong> về đêm.</p>\r\n    <p>18h00: Đoàn khám phá ẩm thực mới lạ hấp dẫn: “Buffet rau không giới hạn” thưởng thức hương vị tươi ngon nơi Phố Núi. </p>\r\n    <p><em>Lưu Ý</em>: Riêng ngày lễ 30/04 ăn tiệc Buffet tại Resort Wonder.</p>\r\n    <p>Nghỉ đêm tại <strong>Đà Lạt</strong>.</p>\r\n    <h3>NGÀY 02: ĐƯỜNG HẦM ĐẤT SÉT - THIỀN VIỆN TRÚC LÂM - PUPPY FARM  ( ĂN SÁNG, TRƯA)</h3>\r\n    <p>6h00: Quý khách thức dậy, tận hưởng không khí tuyệt vời của Resort, có thể tập thể dục quanh resort, hay đắm mình\r\n        tắm hồ bơi nước ấm, hoặc di dạo hít thở không khí trong lành, nhâm nhi 1 ly trà nóng ngồi ngắm <strong>Hồ Tuyền Lâm</strong>.</p>\r\n    <p>7h00: Quý khách dùng buffet sáng bên cạnh bờ hồ vô cực, tự do khám phá khuôn viên resort: chụp hình, tham quan...\r\n    </p>\r\n    <p>08h30: Qúy khách tham quan <strong>Đường hầm Đất Sét</strong> với chiều dài hơn 1km, đường hầm điêu khắc chủ yếu bằng chất liệu đất sét đã tái hiện lịch sử hình thành Đà Lạt, từ thuở hồng hoang đến một đô thị hiện đại. Ấn tượng và đặc trưng nhất có lẽ là những công trình kiến trúc cổ của Đà Lạt thu nhỏ như: Trường cao đẳng Sư phạm, ga xe lửa <strong>Đà Lạt</strong>, các nhà thờ, chùa chiền, biệt thự cổ. </p>\r\n    <p>Check in <strong>Hồ Vô Cực Đà Lạt</strong> – Nơi tình yêu bắt đầu là một trong những từ khóa được du khách tìm kiếm nhiều nhất hiện nay. Thì trên các trang mạng xã hội không ngừng chia sẻ một địa điểm check in vô cùng đẹp mắt. Địa điểm này hiện đang làm mưa làm gió và gây bão cấp độ 12 tại <strong>Đà Lạt</strong>.</p>\r\n    <p>10h30: Quý khách tham quan <strong>Thiền Viện Trúc Lâm</strong>, nằm trên núi Phụng Hoàng, giữa ngàn thông xanh ngắt, bên cạnh <strong>hồ Tuyền Lâm</strong>. Bước tới cổng tam quan dưới những rặng thông reo thoang thoảng hương đưa, bạn như trút bỏ hết ưu tư, phiền muộn, tràn ngập tâm trí lúc này chỉ còn cảnh quan thanh khiết tuyệt vời.</p>\r\n    <p>11h30: Đoàn dùng buổi trưa tại nhà hàng.</p>\r\n    <p>Về Khách sạn nghỉ ngơi.</p>\r\n    <p>Buổi chiều: 15h00: Xe đưa đoàn tham quan <strong>Nhà Thờ Domain De Maria</strong> – hay còn gọi là nhà thờ Mai Anh – tọa lạc trên quả đồi Mai Anh. Trong nhà thờ có tượng Đức Mẹ đứng trên quả địa cầu tạc theo hình mẫu của phụ nữ Việt Nam, do Jonchère - một kiến trúc sư người Pháp thiết kế.</p>\r\n    <p>16h00: Quý khách tham quan <strong>Nông Trại Cún Yêu - Puppy Farm </strong>- Điểm tham quan rất lạ và rất mới tại <strong>Đà Lạt</strong> - Ngoài dịp được vui đùa với bầy cún đa dạng về chủng loại, tinh nghịch và vô cùng đáng yêu. Du khách còn có cơ hội Check in tại vườn hoa Hướng Dương vàng rực, Tham quan và hái dâu tại Vườn dâu, Vườn Cherry, Vườn cà chua bi, Dưa Pepino, Bí khổng lồ ( theo mùa). Hứa hẹn sẽ mang đến những phút giây thư giản tuyệt vời cho du khách: Từ người lớn tuổi đến các bé yêu trong gia đình.</p>\r\n    <p>17h00: Quý khách đến chợ <strong>Đà Lạt</strong>, đoàn tự túc khám phá “Chợ Âm Phủ” , tự túc khám phá các món ăn đặc sản nơi phố núi. (Tham khảo Quán Lẩu Bò, Quán Ăn Nhí…)</p>\r\n    <p>Nghỉ đêm tại <strong>Đà Lạt</strong>.</p>\r\n    <h3>NGÀY 3: VĨNH MINH TỰ VIỆN - VƯỜN CA CAO - TP.HCM  ( ĂN SÁNG, TRƯA)  </h3>\r\n    <p>07h00: Quý khách trả phòng, dùng điểm tâm buffet sáng tại nhà hàng , sau đó xe đưa đoàn tham quan cả 1 quần thể chùa hay còn được gọi <strong>“LÀNG CHÙA”</strong> nơi quy tụ nhiều Chùa nhất ở<strong> Việt Nam</strong>.</p>\r\n    <p>Nếu quý khách là người con của Phật, thì đây là điểm đến không thể bỏ qua. Nếu là người ngoại đạo thì đây là 1 điểm đến thú vị để khám phá và tìm hiểu. Bởi “Làng” Chùa này có trên 70 nơi thờ tự bao gồm chùa, đình, cốc, am, miếu….</p>\r\n    <p>Quý khách viếng thăm ngôi chùa nổi tiếng nhất ở đây <strong>Vĩnh Minh Tự Viện</strong> nơi có tượng phật cao 32 mét, và <strong>Phương Liên Tịnh Xứ</strong> có bảo tháp 7 tầng đồ sộ.</p>\r\n    <p>Sẽ thật thú vị khi đến thăm làng chùa, dạo bước thảnh thơi, chiêm ngưỡng vẻ đẹp kiến trúc từng ngôi chùa, chiê bái từng tượng Phật trong tâm thế nhàn du, yên bình, … như lạc bước thanh vân, rũ bỏ những bộn bề cuộc sống nơi phố thị, lòng trở nên thanh tịnh lạ thường.</p>\r\n    <p>Hiếm nơi nào có “duyên” với Phật như <strong>Làng Đại Ninh</strong>, vậy thì quý khách hãy một lần đến và “quá duyên” với vùng đất an lành này nhé.</p>\r\n    <p>11h30 : Đến thị xã<strong> Bảo Lộc</strong>. Đoàn dùng bữa trưa, thưởng thức cà phê miễn phí tại nhà hàng <strong>Tâm Châu</strong>, Sau đó tiếp tục khởi hành về TP. HCM.</p>\r\n    <p>14h00: Tham quan <strong>Vườn ca cao</strong>, Đây là điểm tham quan mới được xây dựng và là trạm dừng chân, mua đặc sản du lịch rất thú vị. Đến với thế giới ca cao, các bạn sẽ được trãi nghiệm không gian mát mẽ, thưởng thức từ các sản phẩm từ ca cao thiên nhiên và tìm hiểu cách trồng, chăm sóc, thu hoạch và chế biến ca cao.</p>\r\n    <p>18h30: Đoàn về đến HCM, xe đưa quý khách về điểm đón ban đầu, kết thúc chương trình tham quan, chia tay và hẹn gặp lại quý khách trong thời gian sớm nhất.</p>\r\n    <p><em>Các điểm tham quan trong chương trình sẽ linh động cho phù hợp với tình hình thực tế.</em></p>\r\n'),
(4, 'Tour Đà Nẵng: TP. HCM - Đà Nẵng  - Hội An - Huế - Quảng Bình', 'TP. Hồ Chí Minh', 'Đà Nẵng, Huế ', '4N3D', 'Máy bay + Ô tô', '2021-12-23', '2021-12-26', 5200000, '10', 4680000, 50, 'dn_1.jpeg', 'dn_2.gif,dn_3.jpeg,dn_4.jpeg,dn_5.jpeg,dn_6.jpeg,dn_7.jpeg', 2, 'MTR', '<p>Liên Tuyến kỳ thú với:</p>\r\n<ul align=\"justify\">\r\n<li> Chiêm ngưỡng khung cảnh thiên nhiên ngoạn mục trên <strong>Cây Cầu Vàng.</strong></li>\r\n<li> Tham quan <strong>Bà Nà Hill, Bán Đảo Sơn Trà, Ngũ Hành Sơn, Phố Cổ Hội An, Kinh Thành Huế, Chùa Thiên Mụ</strong>.</li>\r\n<li>Tham quan <strong>Động Phong Nha, Thánh Địa La Vang, Cầu Hiền Lương</strong>.</li>\r\n</ul>\r\n', '<h3>NGÀY 1: ĐÀ NẴNG - BÀ NÀ HILL - PHỐ CỔ HỘI AN (ĂN SÁNG, TỐI)</h3>\r\n    <p>Sáng: Quý khách ra sân bay <strong>Tân Sơn Nhất</strong> hướng dẫn viên Công ty hỗ trợ Quý khách làm thủ tục đáp chuyến bay đi <strong>Đà Nẵng.</strong></p>\r\n    <p>08h20: Đến <strong>Đà Nẵng</strong> Quý khách làm thủ tục nhận hành lý. Sau đó khởi hành đến nhà hàng dùng bữa điểm tâm sáng và bắt đầu đi tham quan:</p>\r\n    <p><strong>- Khu Du Lịch Bà Nà Núi Chúa</strong> – nơi mà Quý khách khám phá những khoảnh khắc giao mùa bất ngờ Xuân – Hạ - Thu- Đông trong một ngày. Chinh phục hệ thống cáp treo vượt núi một dây dài nhất Việt Nam (Chi phí cáp treo tự túc). </p>\r\n    <p>Trưa: Ăn trưa tại nhà hàng Buffet khu du lịch <strong>Bà Nà</strong> (Quý khách tự túc bữa trưa nếu không tham quan Bà Nà).</p>\r\n    <p>16h00: Đoàn về lại khách sạn nhận phòng nghỉ ngơi.</p>\r\n    <p>17h30: Quý khách khởi hành đi <strong>Hội An</strong> tham quan:</p>\r\n    <p><strong>- Phố Cổ Hội An</strong> bách bộ tham quan và mua sắm Phố Cổ với: Chùa Cầu Nhật Bản, Bảo tàng văn hóa Sa Huỳnh, Nhà Cổ hàng trăm năm tuổi, Hội Quán Phước Kiến &amp; Xưởng thủ công mỹ nghệ.</p>\r\n    <p>Tối: Quý khách ăn tối Đặc sản Hội An như Cao Lầu, Hoành Thánh, Bánh Bao, Bánh Vạc,... Tự do dạo phố Đèn Lồng hoặc thưởng thức các món đặc sản Hội An.</p>\r\n    <p>21h00: Xe đưa đoàn về lại Đà Nẵng, nghỉ đêm, tự do tham quan và ngắm cầu quay sông Hàn.</p>\r\n    <h3>NGÀY 2: ĐÀ NẴNG - ĐỘNG PHONG NHA - QUẢNG BÌNH (ĂN SÁNG, TRƯA, TỐI) </h3>\r\n    <p>Sáng: Quý khách dùng điểm tâm sáng. Sau đó rời Đà Nẵng đi <strong>Quảng Bình</strong> – trên đường đi đoàn sẽ xuyên hầm đường bộ đèo Hải Vân đến Huế, ngắm cảnh vịnh biển Lăng Cô tuyệt đẹp.</p>\r\n    <p>10h30: Quý khách ghé <strong>Quảng Trị</strong> tham quan:</p>\r\n    <p><strong>- Thánh Địa La Vang</strong> được phong tặng là \"\"Tiểu Vương Cung Thánh Đường\"\", Quý khách tham quan chụp ảnh với khuôn viên rộng lớn có rất nhiều tiểu cảnh đẹp mắt. Quý khách nào là tín đồ đạo Công Giáo có thể vào thánh đường cầu an gia đạo. </p>\r\n    <p>Trưa: Ăn trưa nhà hàng khu vực <strong>Quảng Trị</strong>. Sau đó khởi hành di chuyển đến <strong>Quảng Bình</strong> để tham quan:</p>\r\n    <p><strong>- Động Phong Nha: </strong>một trong những kỳ quang hiếm có ở Việt Nam. Quý khách lên thuyền ngược <strong>dòng Son</strong> thơ mộng, thưởng ngoạn phong cảnh thiên nhiên hữu tình hai bên bờ sông. Bên trong Động Phong Nha có hang nước dài nhất Đông Nam Á, tại đây Quý khách có thể tận hưởng cảnh quan núi đá vôi ngoạn mục, hệ thống sông ngầm và thạch nhủ có một không hai ở trên thế giới. Khám phá <strong>hang Cô Tiên &amp; Cung Đình</strong> chiêm ngưỡng các khối thạch nhũ tuyệt đẹp được kiến tạo bởi thiên nhiên qua hàng ngàn thiên niên kỷ. </p>\r\n    <p>17h00: Tạm biệt Vườn quốc gia <strong>Phong Nha - Kẻ Bàng</strong>, Quý khách lên xe quay trở về Thành phố <strong>Đồng Hới.</strong></p>\r\n    <p>18h30: Xe đưa Quý khách về khách sạn ở Đồng Hới để dùng bữa tối và nghỉ ngơi.</p>\r\n    <h3>NGÀY 3: QUẢNG BÌNH - HUẾ - CÁC THẮNG CẢNH (ĂN SÁNG, TRƯA, TỐI)</h3>\r\n    <h3>Sáng: Quý khách dùng điểm tâm sáng. Làm thủ tục trả phòng, khởi hành đi <strong>Huế</strong>. Trên đường đi đoàn tham quan:</h3>\r\n    <p><strong>- Thành Cổ Quảng Trị: </strong>nơi diễn ra trận chiến 81 ngày đêm ác liệt vào mùa hè đỏ lửa năm 1972 với hàng trăm nghìn tấn đạn bom trút xuống, đã gần như san phẳng toà thành cổ cùng cả thị xã Quảng Trị. Quý khách làm lễ dân hương, hoa, để tỏ lòng ghi ơn đến hàng ngàn chiến sĩ đã ngã xuống vì Tổ quốc.</p>\r\n    <p>Trưa: Đến <strong>Huế</strong> Quý khách dùng bữa trưa tại nhà hàng, sau đó về khách sạn nhận phòng nghỉ ngơi.\r\n    </p>\r\n    <p>Chiều: Đoàn đi tham quan:</p>\r\n    <p>- <strong>Đại Nội Kinh Thành Huế</strong> đây chính là Hoàng Cung của 13 vị vua triều Nguyễn, triều đại phong kiến cuối cùng của Việt Nam, Quý khách tham quan Ngọ Môn, Điện Thái Hoà, Tử Cấm Thành, Thế Miếu, Hiển Lâm Các, Cửu Đỉnh. </p>\r\n    <p>- <strong>Chùa Thiên Mụ</strong> cổ kính, xây dựng từ những năm đầu của thế kỉ XVII. Là một trong những ngôi chùa nổi tiếng nhất ở Huế.</p>\r\n    <p>Tối: Đoàn đến nhà hàng dùng bữa tối. Sau đó tự do đi dạo phố đêm ở Huế cùng ngắm cầu <strong>Tràng Tiền</strong> luôn rực rỡ sắc màu bên dòng sông Hương thơ mộng.</p>\r\n    <p><em>Cầu Tràng Tiền.</em></p>\r\n    <p>Ngoài ra du khách còn có dịp đến bến đò du lịch <strong>Sông Hương</strong> mua vé lên tàu để thưởng ngoạn dòng sông Hương về đêm, kèm theo đó là thưởng thức bộ môn nghệ thuật ca hò huế với nhiều sắc màu âm nhạc (Chi phí tự túc).</p>\r\n    <h3>NGÀY 4: HUẾ - ĐÀ NẴNG - TP. HCM (ĂN SÁNG, TRƯA)</h3>\r\n    <p>06h30: Đoàn dùng bữa sáng tại nhà hàng. Làm thủ tục trả phòng khởi hành đi <strong>Đà Nẵng</strong>.</p>\r\n    <p>10h00: Quý khách đi tham quan:</p>\r\n    <p>- <strong>Núi Ngũ Hành Sơn</strong> với: Ngọn Thuỷ Sơn có Chùa Non Nước, động Huyền Không, động Tàng Chơn, Động Vân Thông, Vọng Giang Đài, Vọng hải Đài, chùa Linh Ứng,...</p>\r\n    <p>- <strong>Làng Đá Mỹ Nghệ Non Nước: </strong>làng nghề truyền thống nổi tiếng của miền Trung. Tham quan cơ sở sản xuất mỹ nghệ đá và mua các sản phẩm lưu niệm tại showroom trung bày. </p>\r\n    <p>Trưa: Quý khách dùng bữa trưa tại nhà hàng. Sau đó xe sẽ đưa quý khách vào trung tâm, theo con đường biển <strong>Sơn Trà</strong> – ngắm bải biển <strong>Mỹ Khê</strong>, đến tham quan tại:</p>\r\n    <p><strong>- Chùa Linh Ứng Bãi Bụt: </strong>nơi có tượng quán thế âm cao nhất miền trung từ trên đồi cao hướng mặt ra biển. </p>\r\n    <p>15h00: Xe đưa quý khách ra sân bay <strong>Đà Nẵng</strong>, đáp chuyến bay về lại Sài Gòn. Kết thúc chuyến tham quan, chia tay, chúc sức khoẻ và hẹn ngày gặp lại.</p>\r\n    <p><em>Thứ tự các điểm tham quan và lộ trình chuyến đi có thể thay đổi tùy theo tình hình thực tế nhưng vẫn đảm bảo đầy đủ các điểm tham quan như lúc đầu.</em></p>\r\n'),
(5, 'Tour Phú Quốc : Khám Phá Đảo Ngọc Thiên Đường Của Biển', 'Hà Nội', 'Phú Quốc', '4N3D', 'Máy bay + Ô tô', '2021-12-20', '2021-12-24', 7000000, '10', 6830000, 50, 'pq_1.jpeg', 'pq_2.gif,pq_3.gif,pq_4.gif,pq_5.jpeg,pq_6.jpeg,pq_7.gif', 3, 'PQ', '<p>Hành trình hứa hẹn mang đến những trải nghiệm thú vị:</p>\r\n    <ul>\r\n        <li> Ngắm hoàng hôn trên biển tại <strong>Sunset Sanato</strong></li>\r\n        <li> <strong>Grand World</strong> – Thành phố không ngủ</li>\r\n        <li>Tham quan các điểm nổi tiếng tại <strong>Đảo Ngọc Phú Quốc</strong> “Check in 3 đảo <strong>Hòn Móng Tay, Hòn Mây Rút, Hòn Gầm Ghì</strong>\'</li>\r\n        <li> Tham quan những nơi sản xuất đặc sản nổi tiếng nhất <strong>Phú Quốc: Vườn Tiêu, Rượu sim…</strong></li>\r\n        <li> Miễn phí quay Flycam và Chụp hình phao Sup tại hòn.</li>\r\n    </ul>\r\n', '<h3>NGÀY 1: PHÚ QUỐC – ĐÔNG ĐẢO (ĂN TRƯA, TỐI)</h3>\r\n    <p>Sáng: Xe đón du khách tại sân bay <strong>Phú Quốc</strong>, đưa đoàn về khách sạn gửi hành lý, tự do nghỉ ngơi.\r\n    </p>\r\n    <p>11g30: Đưa đoàn đi ăn trưa với đặc sản <strong>Phú Quốc</strong> tại nhà hàng.</p>\r\n    <p>Chiều: Khởi hành tham quan phía <strong>Đông đảo</strong>:</p>\r\n    <p>- <strong>Vườn tiêu</strong> với những nọc tiêu thẳng tắp, xanh mơn mỡn, nổi tiếng chắc hạt, thơm ngon.</p>\r\n    <p>- Cơ sở ủ <strong>rượu vang Sim</strong> – một loại rượu đặc sản tại địa phương, thưởng thức rượu Sim rừng miễn phí.</p>\r\n    <p>- Tham quan <strong>Trại nuôi ong mật</strong>, tìm hiểu cuộc sống cần cù của những chú ong bé nhỏ và học cách lấy mật ong (quay mật) của người dân.</p>\r\n    <p>- Chùa <strong>Sư Muôn</strong> hay còn gọi là <strong>Hùng Long Tự</strong>, dâng hương, cầu an cho người thân.\r\n    </p>\r\n    <p>- <strong>Suối Tranh</strong> – dòng suối đẹp bắt nguồn từ dãy <strong>Hàm Ninh</strong>.</p>\r\n    <p>Tối: Ăn tối tự túc tại nhà hàng địa phương.</p>\r\n    <p>Về khách sạn nghỉ ngơi. Tự do dạo bãi biển, thưởng thức không khí yên tĩnh tuyệt vời của huyện đảo hoặc đăng ký tour câu mực đêm (Chi phí tự túc: 350.000đ/khách).</p>\r\n    <h3>NGÀY 2: TOUR 3 ĐẢO – CÂU CÁ NGẮM SAN HÔ (ĂN SÁNG, TRƯA) </h3>\r\n    <p>Sáng: <strong>06h30 – 8h00</strong>: Dùng điểm tâm sáng tại Khách sạn.</p>\r\n    <p>08g30: Xe – Hướng dẫn viên đón khách tại khách sạn, khởi hành tham quan đi phía <strong>Nam đảo</strong>.</p>\r\n    <p>08h40: Tham quan mua sắm và tìm hiểu về quá trình <strong>nuôi cấy Ngọc Trai</strong>.</p>\r\n    <p>09h00: Đoàn đến <strong>cảng An Thới</strong> lên cano quý khách lắng nghe hướng dẫn viên giới thiệu hải trình chuyến đi cũng như những quy định về an toàn trên cano.</p>\r\n    <p>09h10: Trong khi cano sang trọng, kiêu hãnh rẽ sóng ra đưa Quý khách vào chuyến du ngoạn quần đảo <strong>An Thới</strong>, du khách sẽ có thời gian tận hưởng cảnh đẹp của cáp treo dài nhất Đông Nam Á nối liền các hòn đảo trong quần đảo <strong>An Thới</strong>.</p>\r\n    <p>09h30: Chào đón Quý khách trong chuyến đi là những hoạt động thú vị, đầu tiên phải kể khám phá <strong>Công viên san hô</strong> – Quý khách thay đồ bơi, chuẩn bị cho hành trình khám phá đại dương, Quý khách có cơ hội tham quan công viên san hô, trải nghiệm dịch vụ đi bộ dưới biển (Chi phí tự túc, Giá vé 950.000đ/vé) với độ sau 6m, quý khách sẽ được thỏa mắt ngắm nhìn từng đoàn cá bơi lội, tận tay sờ các cụm san hô nhiều màu sắc.</p>\r\n    <p>10h15: Cano tiếp tục di chuyển đưa đoàn đến <strong>Hòn Mây Rút</strong> – Hòn đảo còn khá hoang sơ , quý khách sẽ được hòa mình vào thiên nhiên với bãi cát trắng mịn nước biển trong veo.11h00: Tiếp tục hành trình Cano di chuyến tới <strong>Hòn Gầm Ghì</strong> hoặc <strong>Hòn Bờm</strong> (tùy theo thời tiết)– hòn đảo được mệnh danh là Vương Quốc San Hô – Quý khách lặn ngắm san hô với các dụn g cụ được chuẩn bị sẵn: Ống thở, kính lặn, chân vịt, áo phao. Nước rất cạn và trong khe, nhìn tận đáy, đây là điểm ngắm san hô rất lý tưởng. </p>\r\n    <p>11h50: Đoàn di chuyển đến <strong>Hòn Móng Tay</strong> – là viên ngọc ẩn giấu ở phía Nam đảo <strong>Phú Quốc</strong>, một trong những đảo sở hữu bãi cát trắng mịn với làn nước trong xanh tuyệt đẹp. Đoàn nghỉ ngơi, tắm biển, thư giãn.</p>\r\n    <p>Trưa: Đoàn dùng bữa trưa tại nhà hàng. Tự do nghỉ ngơi.</p>\r\n    <p>Chiều: 14h00 Cano đưa đoàn về lại cảng An Thới. Quý khách lựa chọn 1 trong 2 chương trình sau:</p>\r\n    <p>- LỰA CHỌN 01: THAM QUAN SUNSET SANATO (CÓ PHỤ THU VÉ CỔNG: 100.000VNĐ/ VÉ)</p>\r\n    <p>14h30 : Xe và Hướng dẫn viên tại cảng <strong>An Thớ</strong>i khởi hành tham quan, ngắm hoàng hôn và check-in tại <strong>Sunset Sanato </strong>-nơi đây có một bãi biển dài xanh ngát, những khu vui chơi, thể thao, quầy bar cực xinh…và những ngóc ngách sống ảo không đụng hàng như: mô hình chú cá, voi, sứa được cắm thẳng lên bãi biển, vô cùng công phu và đặc biệt là Cổng Trời bí mật tại đây. Có thể nói mọi ngóc ngách ở đây đều là background tha hồ chụp choẹt. (vé cổng tự túc:100.000đ/khách)</p>\r\n    <p><em>- </em>LỰA CHỌN 02: VUI CHƠI TẠI KDL HÒN THƠM – TRẢI NGHIỆM CÁP TREO VƯỢT BIỂN DÀI NHẤT THẾ GIỚI (Có phụ thu vé cáp treo 01 chiều + Công Viên Nước : 350.000vnđ/ vé)</p>\r\n    <p>Chiều 14h00: Cano di chuyển tới <strong>Bãi Dá Trào/Bờ Đông - KDL Hòn Thơm </strong></p>\r\n    <p>- Tận hưởng vẻ đẹp của biển xanh, cát trắng, nắng vàng và thả mình trong không khí trong lành của <strong>Hòn Thơm</strong>. Quý khách tự do tham quan vui chơi chụp ảnh tại <strong>Hòn Thơm</strong>: tắm biển, vui chơi nhà phao trên biển.</p>\r\n    <p>- Vui chơi tại <strong>Công Viên Nước Aquatopia Water Park</strong> công viên nước hiện đại nhất Đông Nam Á với 21 trò chơi hiện đại phù hợp với mọi lứa tuổi, nhiều thế hệ thành viên trong gia đình. Mỗi trò chơi hứa hẹn sẽ mang đến cho du khách và gia đình những cảm xúc khó quên.</p>\r\n    <p>16h45: Đoàn di chuyển lên cáp Trải nghiệm cáp treo 3 dây vượt biển dài nhất Thế Giới, phóng tầm mắt 3600 ngắm đại dương mênh mông, trong xanh đến tận đáy.</p>\r\n    <p>17h00: Đoàn di đến <strong>Ga An Thới - Quảng Trường La Mã</strong>, Chụp hình lưu niệm.</p>\r\n    <p>17h30: Xe đón quý khách trở về khách sạn đong đầy dư âm của chuyến đi qua một ngày trải nghiệm trọn vẹn nơi thiên đường đảo ngọc.</p>\r\n    <p>Tối: Quý khách tự túc dùng bữa tối. Nghỉ đêm tại <strong>Phú Quốc</strong>.</p>\r\n    <p>Quý khách có thể tự do dạo chợ đêm <strong>Phú Quốc</strong> mua đặc sản và khám phá văn hóa ẩm thực địa phương,\r\n    </p>\r\n    <h3>NGÀY 3: CITY TOUR - CHECK IN GRAND WORLD (ĂN SÁNG, TRƯA)</h3>\r\n    <p>Sáng: 6:00-8:00: Dùng điểm tâm sáng tại Khách sạn.</p>\r\n    <p>08h30 : Xe – Hướng dẫn viên đón khách tại khách sạn, khởi hành đi phía <strong>Bắc đảo</strong>:</p>\r\n    <p>- Tham quan thắng cảnh <strong>Dinh Cậu</strong> và <strong>Dinh Bà Thủy Long Thánh Mẫu</strong> nét văn hóa tín ngưỡng, chỗ dựa tinh thần của ngư dân trên trên đảo trước khi ra khơi.</p>\r\n    <p>- Tham quan <strong>Đền Anh Hùng Nguyễn Trung Trực</strong> vị anh hùng áo vải nổi tiếng với chiến công đốt tàu Esperance trên sông Nhật Tảo và với câu nói “Bao giờ người Tây nhổ hết cỏ nước Nam mới hết người Nam đánh Tây”\r\n    </p>\r\n    <p>- Sau đó đến bãi biển <strong>Gành Dầu</strong> – ngắm Hải giới Việt Nam – Campuchia.</p>\r\n    <p>Trưa: Doàn dùng bữa tại nhà hàng, nghỉ ngơi tại chỗ.</p>\r\n    <p>Chiều: 13h00 Xe và Hướng dẫn viên đưa đoàn tiếp tục tham quan <strong>Grand World</strong>:</p>\r\n    <p>- Du ngoạn dòng sông <strong>Venice (Ý)</strong>: 3 cây cầu có vòm bán nguyệt được thiết kế theo đặc trưng kiến trúc châu Âu. Lấy cảm hứng từ dòng sông Venice lãng mạn tại Ý, tại <strong>Grand World Phú Quốc</strong>, tất cả được tái hiện sinh động bằng hình ảnh những chiếc thuyền Gondola đậu trên sông, được chèo bởi các chàng trai mặc trang phục đậm chất lãng tử Ý. (Chi phí đi thuyền tự túc)</p>\r\n    <p>- Công viên nghệ thuật đương đại <strong>Urban Park</strong>: nơi sức sáng tạo của con người hoà nhịp đồng điệu cùng thiên nhiên Phú Quốc. Đất Mẹ, Suối Tóc, Nguồn Sống… </p>\r\n    <p>- Thăm thú bảo tàng gấu <strong>Teddy – Teddy Bear Museum</strong> Lấy cảm hứng thì chiếc bánh vòng donut ngọt ngào, <strong>Bảo Tàng Gấu Teddy</strong> lưu giữ nhiều hiện vật quý giá và tái hiện chuyến phiêu lưu hề hước của “nhà thám hiểm tài ba” Teddy Jones. (Vé vào cổng tự túc)</p>\r\n    <p>- Show diễn <strong>“Tinh hoa Việt Nam”</strong> Chương trình nghệ thuật <strong>“Tinh Hoa Việt Nam”</strong> được tổ chức trên sân khấu ngoài trời rộng 11.200 mét vuông, quy tụ hơn 200 diễn viên. Trong quỹ thời gian giới hạn, show diễn sẽ đưa du khách “xuyên không” về một Việt Nam xưa cũ, với lối sống truyền thống cùng nhiều di sản văn hoá dân tộc được thể hiện khéo léo bằng ánh sáng, âm nhạc, gió, lửa, nước… (Chi phí vé cổng tự túc)</p>\r\n    <p>Tối: Quý khách tự túc dùng bữa tại nhà hàng,</p>\r\n    <p>20h00: Xe và Hướng dẫn viên đưa đoàn về khách sạn nghỉ ngơi. </p>\r\n    <h3>NGÀY 4: TẠM BIỆT PHÚ QUỐC (ĂN SÁNG)</h3>\r\n    <p>Sáng: Quý khách dùng điểm tâm, tự do tắm biển.</p>\r\n    <p>- Tự túc phương tiện dạo c<strong>hợ Dương Đông</strong> mua sắm các loại đặc sản hoặc check–in <strong>Chuồn Chuồn Bistro &amp; Bar</strong> ngắm nhìn toàn cảnh Phú Quốc từ trên cao.</p>\r\n    <p> Trưa: Trả phòng khách sạn (Tùy theo giờ bay thời gian sẽ thay đổi) </p>\r\n    <p>- Xe đưa Quý khách đến sân bay <strong>Phú Quốc</strong>, làm thủ tục lên máy bay, kết thúc chương trình. Tạm biệt và hẹn gặp lại Quý khách.</p>\r\n    <p><em>Thứ tự tham quan có thể thay đổi nhưng vẫn đảm bảo đầy đủ điểm trong chương trình.</em></p>\r\n'),
(6, 'Tour Miền Tây 4: Hà Nội - Cần Thơ - Bạc Liêu - Cà Mau', 'Hà Nội', 'Cần Thơ,Bạc Liêu,Cà Mau', '4N3D', 'Máy bay + Ô tô', '2021-12-21', '2021-12-25', 6000000, '15', 5100000, 50, 'mt_1.jpeg', 'mt_2.jpeg,mt_3.jpeg,mt_4.jpeg,mt_5.jpeg,mt_6.jpeg,mt_7.jpeg', 3, 'MT', '<p>Miền Tây thu hút du khách bởi...</p>\r\n    <ul>\r\n        <li> <strong>Mũi Cà Mau:</strong> du khách được thăm cột mốc toạ độ quốc gia, ngắm rừng, ngắm biển, chiêm ngưỡng ráng chiều ẩn hiện trên vùng trời biển bao la.</li>\r\n        <li> <strong>Miếu Bà Chúa Xứ:</strong> mang trong mình nhiều truyền thuyết tâm linh cùng vẻ đẹp kiến trúc đặc biệt, miếu Bà Chúa Xứ đã trở thành điểm nhấn du lịch tâm linh nổi tiếng nhất vùng đồng bằng sông Cửu Long.\r\n        </li>\r\n        <li><strong>Rừng Tràm Trà Sư: </strong>mang một cảnh sắc yên bình của miền sông nước. Du khách được đi xuồng ba lá, dọc hai bên là rừng tràm, các loài động thực vật theo mùa.</li>\r\n        <li><strong>Chợ nổi Cái Răng: </strong>một trong ba ngôi chợ nổi lớn nhất ở Cần Thơ. Nét độc đáo chính của ngôi chợ này chính là chuyên buôn bán các loại trái cây, đặc sản của vùng đồng bằng sông Cửu Long.</li>\r\n    </ul>\r\n', '<h3>NGÀY 1: HÀ NỘI – CẦN THƠ  – CÀ MAU (ĂN TỐI)</h3>\r\n    <p>09h00: Xe và hướng dẫn viên đón đoàn tại <strong>Công viên Thống Nhất – Đường Trần Nhân Tông – Quận Hai Bà Trưng – Tp Hà Nội</strong>, khởi hành đi sân bay <strong>Nội Bài</strong> đáp chuyến bay VN1203 lúc 11h20 đi Cần Thơ.</p>\r\n    <p><em>Lưu Ý: Các ngày khởi hành tháng 4, 5, 6 trừ dịp lễ sẽ bay chuyến VN1201 Lúc 7h00 sáng có bao gồm ăn trưa cho khách và chuyến về lúc 17h45 - VN1206.</em></p>\r\n    <p>13h40: Đến sân bay <strong>Cần Thơ</strong>, xe và hướng dẫn viên địa phương đón đoàn khởi hành đi <strong>Sóc Trăng</strong>.</p>\r\n    <p>Chiều: Quý khách lên xe đi tham quan:</p>\r\n    <p>- <strong>Chùa Dơi</strong> - ngôi chùa độc đáo và nổi tiếng nhất ở <strong>Sóc Trăng</strong>. Nơi đây được xem là biểu tượng văn hóa Phật giáo của người Khmer vùng này. Đặc trưng của nó là kiến trúc và những con dơi ngựa ăn trái cây sống trong khuôn viên chùa.</p>\r\n    <p>Sau khi thăm quan xong, quý khách lê xe đi <strong>Cà Mau</strong>. Đến Cà Mau, quý khách nhận phòng khách sạn 3 sao, nghỉ ngơi.</p>\r\n    <p>Tối: Quý khách ăn tối tại nhà hàng, tự do khám phá thành phố Cà Mau và nghỉ đêm tại khách sạn.</p>\r\n    <h3>NGÀY 2: NĂM CĂN – ĐẤT MŨI – THÀNH PHỐ CẦN THƠ (ĂN SÁNG, TRƯA, TỐI)</h3>\r\n    <p>Sáng: Quý khách ăn sáng và trả phòng khách sạn. Xe đưa Quý khách đến <strong>Năm Căn,</strong> Quý khách lên cano đi tham quan <strong>Đất Mũi.</strong></p>\r\n    <p>- Tham quan và chụp ảnh tại <strong>mốc tọa độ quốc gia – GPS 0001</strong>, <strong>Pano biểu tượng của đất Mũi Cà Mau</strong>. Tiếp đó Quý khách chinh phục Vọng Hải Đài cao 20,5 mét ngắm nhìn toàn bộ cảnh đất Mũi.</p>\r\n    <p>11h00: Quý khách ăn trưa tại nhà hàng <strong>Đất Mũi.</strong></p>\r\n    <p>12h00: Quý khách lên Cano trở về <strong>Năm Căn</strong>, lên xe đi thành phố <strong>Cần Thơ.</strong></p>\r\n    <p>Trên đường về Cần Thơ, đoàn dừng chân tại Bạc Liêu thăm quan:</p>\r\n    <p>- <strong>Tham quan Nhà công tử Bạc Liêu</strong> - Nơi lưu giữ những giai thoại và câu chuyện về Công tử Bạc Liêu. Ngoài việc tham quan hệ thống nhà cổ độc đáo này bạn còn được xác minh những câu chuyện cùng người con của Công Tử Bạc Liêu. Chú hiện đang bán sách và là một chứng nhân đặc biệt của truyền kỳ Hắc Công Tử – Công tử Bạc Liêu. </p>\r\n    <p>- <strong>Công trình Điện Gió Bạc Liêu</strong>, nằm ở phía đông của Tp Bạc Liêu, với những tuabin quạt gió khổng lồ, cảnh quan rất kỳ vỹ. Điện gió Bạc Liêu là 1 trong những nhà máy điện gió đầu tiên ở Việt Nam. </p>\r\n    <p><em>Lưu ý</em>: Đoàn khởi hành ngày 28/3/2021 sẽ đi thẳng về <strong>Cần Thơ</strong> vì đã thăm quan <strong>Bạc Liêu</strong> vào ngày 1 trong lịch trình.</p>\r\n    <p>17h00: Quý khách đến thành phố Cần Thơ, nhận phòng khách sạn, ăn tối tại nhà hàng, nghỉ đêm tại khách sạn trung tâm thành phố Cần Thơ.</p>\r\n    <h3>NGÀY 3: CẦN THƠ – CHÂU ĐỐC – CẦN THƠ (ĂN SÁNG, TRƯA, TỐI)</h3>\r\n    <p>Sáng: Quý khách ăn sáng tại nhà hàng và trả phòng khách sạn.</p>\r\n    <p>7h30: Quý khách lên xe khởi hành đi <strong>Châu Đốc</strong>, tham quan <strong>Rừng Tràm Trà Sư. </strong>Khu rừng ngập nước đặc sắc và tiêu biểu của tỉnh <strong>An Giang</strong>, nơi có hàng vạn con cò – vạc về đây kiếm ăn, làm tổ. Quý khách len lỏi theo chiếc xuồng máy vào sâu trong rừng tràm và ngắm nhìn những đàn cò vạc bay rợp cả 1 khoảng trời. Sau đó, Quý khách tham quan và chụp ảnh “Cầu tre vạn bước” - Một Kỷ lục mới của KDL sinh thái <strong>Rừng Tràm Trà Sư</strong> khai trương từ 01/01/2020 - với chiều dài hơn 2km len lỏi vào rừng, Quý khách sẽ được hòa mình vào thiên nhiên sinh thái hoang dã.</p>\r\n    <p>11h30: Quý khách ăn trưa tại nhà hàng, xe đưa Quý khách đi <strong>Châu Đốc</strong> tham quan <strong>Miếu Bà chúa Xứ, Lăng Thoại Ngọc Hầu.</strong></p>\r\n    <p>15h00: Quý khách lên xe khởi hành về thành phố <strong>Cần Thơ</strong>.</p>\r\n    <p>Tối: Đến thành phố <strong>Cần Thơ</strong>, Quý khách nhận phòng khách sạn, ăn tối trên <strong>Du thuyền Cần Thơ</strong> và tự do khám phá <strong>thành phố Cần Thơ.</strong></p>\r\n    <h3>NGÀY 4: CẦN THƠ – HÀ NỘI (ĂN SÁNG, TRƯA)</h3>\r\n    <p>Sáng: Quý khách dậy sớm, xe đón Quý khách đi ra bến thuyền đi <strong>chợ Nổi Cái Răng</strong> – nét đặc trưng của sông nước miền Tây, Quý khách ghé Miệt Vườn thưởng thức trái cây và lựa chọn những loại hoa quả ngon nhất để mua về làm quà.</p>\r\n    <p>13h00: Quý khách khởi hành ra <strong>sân bay Cần Thơ</strong>. Đáp chuyến bay <strong>VN1202 lúc 15h15</strong>.\r\n    </p>\r\n    <p>17h30: Đến <strong>Nội Bài</strong>, xe và HDV đón đoàn về lại trung tâm thành phố, trả khách tại điểm đón. Chia tay đoàn và hẹn gặp lại.Thứ tự tham quan có thể thay đổi nhưng vẫn đảm bảo đầy đủ điểm trong chương trình.</p>\r\n    <p><em>Lưu Ý</em>: Giờ bay có thể thay đổi theo giờ bay của H<strong>ãng Hàng Không VietNam Airlines</strong>. Nếu giờ bay bị thay đổi, chúng tôi sẽ sắp xếp lại lịch trình để đảm bảo đầy đủ các điểm thăm quan như đã cam kết.</p>\r\n    <p><em>Thứ tự tham quan có thể thay đổi nhưng vẫn đảm bảo đầy đủ điểm trong chương trình.</em></p>\r\n'),
(7, 'Tour Hà Nội : Tham Quan Phố Cổ - Làng Bát Tràng', 'Đà Nẵng', 'Hà Nội ', '1N1D', 'Ô tô', '2021-12-28', '2021-12-29', 1500000, '0', 0, 40, 'hn_1.jpeg', 'hn_2.gif,hn_3.gif,hn_4.gif,hn_5.gif,hn_6.jpeg,hn_7.jpeg', 1, 'HN', '<p>Khám phá Hà Nội đừng nên bỏ qua...</p>\r\n    <ul>\r\n        <li><strong>Chùa Trấn Quốc:</strong> ngôi chùa lâu đời nhất ở Thăng Long – Hà Nội khi có lịch sử lên đến 1500 năm, được trang Thrillist uy tín bình chọn là một trong những ngôi chùa đẹp nhất thế giới.</li>\r\n        <li> <strong>Văn Miếu Quốc Tử Giám:</strong> ngôi trường đại học đầu tiên của Việt Nam, không chỉ là di tích lịch sử nổi tiếng của thủ đô Hà Nội mà còn là nơi chứa đựng những giá trị tinh hoa văn hóa của những giai đoạn lịch sử phong kiến trước kia và lưu giữ những giá trị truyền thống của đất Việt.</li>\r\n        <li><strong>Làng gốm Bát Tràng: </strong>làng gốm lâu đời nổi tiếng nhất ở Việt Nam, cũng như là địa điểm mà du khách trong và ngoài nước không thể không một lần ghé thăm. Làng gốm Bát Tràng chuyên sản xuất những loại gốm sứ đa dạng cả về chủng loại lẫn kiểu dáng. Điều thú vị nhất khi đến Bát Tràng là các bạn có thể trực tiếp ngắm nhìn các nghệ nhân làm ra những sản phẩm gốm đầy tinh tế hay được tự tay nặn những sản phẩm theo ý thích.</li>\r\n    </ul>', '<p><strong>Sáng: 7h45- 8h30</strong> Xe và hướng dẫn viên đón quý khách tại điểm hẹn. Sau đó quy khách tham quan <strong>chùa Trấn Quốc</strong> được xây dựng cách đây 1000 năm.</p>\r\n    <p><strong>9h40</strong>: Quý khách thăm <strong>khu di tích Hồ Chí Minh</strong> (<strong>L</strong><strong>ăng Chủ Tịch HCM, nhà sàn, ao cá, chùa Một Cột</strong>).</p>\r\n    <p><strong>11h20</strong>: Quý khách thăm tiếp tục đi thăm <strong>Văn Miếu Quốc Tử Giám</strong>- trường đại học đầu tiên của <strong>Việt </strong></p>\r\n    <p>Sau đó quý khách sẽ ăn trưa và nghỉ ngơi tại nhà hàng.</p>\r\n    <p><strong>14h00-16h00</strong>: Quý khách tiếp tục khám phá cuộc sống hàng ngày của nghề gốm truyền thống tại<strong> làng Bát Tràng</strong> trên bờ sông Hồng. Bạn sẽ biết rõ hơn về lịch sử hơn 700 năm của làng, tham quan các phòng trưng bày các sản phẩm gốm và kết thúc tour.</p>\r\n    <p><em>Lưu ý 1:</em></p>\r\n    <p>- Thứ 2,4,6: <strong>Tham quan Làng Gốm Bát Tràng.</strong></p>\r\n    <p>- Thứ 3,5,7,CN: <strong>Bảo tàng dân tộc học.</strong></p>\r\n    <p>Quý khách quay trở về trung tâm Hà Nội thăm <strong>đền Ngọc Sơn và Hồ Hoàn Kiếm.</strong></p>\r\n    <p>Kết thúc tour và chào tạm biệt quý khách.</p>\r\n    <p><em>Lưu ý 2:</em></p>\r\n    <p>- Nên mang theo kem chống nắng, mũ hoặc ô, kính râm.</p>\r\n    <p>- Thời gian tham quan có thể xê dịch một chút tùy theo hoàn cảnh cụ thể.</p>\r\n    <p>- Điểm đón khách sạn trong phố cổ hoặc Nhà Hát Lớn.</p>\r\n    <p><em>Thứ tự tham quan có thể thay đổi nhưng vẫn đảm bảo đầy đủ điểm trong chương trình.</em></p>\r\n'),
(8, 'Tour Nha Trang: 3 đảo VIP Hòn Tằm', 'Đà Nẵng', 'Nha Trang', '1N1D', 'Ô tô', '2021-12-28', '2021-12-29', 1700000, '0', 0, 30, 'nt_1.jpeg', 'nt_2.jpeg,nt_3.jpeg,nt_4.jpeg,nt_5.jpeg,nt_6.gif,nt_7.jpeg', 3, 'NT', '<p>Thả mình dưới làn nước trong mát với các hòn:</p>\r\n    <ul>\r\n        <li> <strong>Hòn Mun</strong>: Là một trong 4 hòn đảo đẹp nhất ở vịnh Nha Trang, Hòn Mun xứng đáng là lựa chọn để du hí trong những ngày hè dành cho bạn.</li>\r\n        <li><strong>Vịnh San hô</strong> với hơn 80 loại san hô, hải quỳ và khoảng 70 giống cá biển đã trở thành điểmtham quan du lịch nổi tiếng tại Nha Trang.</li>\r\n        <li> <strong>Hòn Tằm:</strong> Một khu resort 5 sao cao cấp, là không gian lí tưởng để tham quan và thư giãn , quý khách tự do tắm biển dưới làn nước xanh trong như ngọc, với bãi cát dài trắng mịn tuyệt đẹp.</li>\r\n    </ul>\r\n', '<p>07h30-08h00: HDV đón Quý khách tận nơi tại khách sạn, nhà riêng trong trung tâm thành phố Nha Trang, khởi hành chuyến khám vá <strong>Vịnh Nha Trang</strong>.</p>\r\n    <p>09h00: Đến <strong>Hòn Mun</strong> hoặc <strong>Vịnh San hô</strong>.</p>\r\n    <p>Tại đây, Quý khách tự do tắm biển, thoả thích lặn khám phá những rạng san hô đủ màu sắc dưới làn nước trong xanh bằng kính lặn, ống thở. Hoặc du khách có thể tham gia các dịch vụ thể thao trên biển như: diving, đi tàu đáy kính ngắm san hô .... ( Phí tự túc ).<em>.</em></p>\r\n    <p>11h00: Đến <strong>Làng Chài</strong>, đoàn dùng bữa trưa trên bè với thực đơn hải sản.</p>\r\n    <p>12h30: Đến <strong>Hòn Tằm</strong> Quý khách sẽ lựa chọn sử dụng 1 trong 2 gói như sau:</p>\r\n    <p><em>Gói 1</em>: Tham quan <strong>Hòn Tằm</strong> &amp; sử dụng các tiện ích:</p>\r\n    <p>- Dù, ghế tắm nắng, nệm được cung cấp</p>\r\n    <p>- Sử dụng hồ bơi rộng 2,400 m2 với phao bơi có sẵn, hướng <strong>Vịnh Nha Trang</strong>.</p>\r\n    <p>- Thể thao nước như chèo thuyền thúng, thuyền kayak.</p>\r\n    <p>- Thỏa sức với các trò chơi <strong>Floating Park</strong>.</p>\r\n    <p>- Khuấy động thế giới âm nhạc với những vũ điệu biển vui tươi sôi động</p>\r\n    <p>- Tham quan khu nhà cổ và nghệ nhân làm nghề thủ công truyền thống Việt Nam</p>\r\n    <p>- Thưởng thức buffet trái cây tươi. </p>\r\n    <p><em>Gói 2</em>: Tắm bùn: </p>\r\n    <p>- Ngâm bùn khoáng nóng hoặc thảo dược trong bồn</p>\r\n    <p>- Massage toàn thân bằng hệ thống ôn tuyền thủy liệu pháp</p>\r\n    <p>- Tự do thả mình trong hồ khoáng nóng </p>\r\n    <p>- Miễn phí sử dụng khăn, đồ tắm</p>\r\n    <p>Ngoài ra Có thể trải nghiệm thêm các trò chơi đầy hấp dẫn tại <strong>Hòn Tằm</strong> Dù bay, mô tô nước, tàu chuối. Đặc biệt nhất ở đây chính là môn thể thao Flyboad.. ( Phí tự túc )</p>\r\n    <p>15h00 - 15h30: Cano đưa quý khách về cảng, Xe đưa về lại khách sạn, kết thúc hành trình khám phá vịnh đảo <strong>Nha Trang</strong> đầy thú vị, hẹn gặp lại Quý khách trong những chuyến du lịch tới.</p>\r\n <p><em>Thứ tự tham quan có thể thay đổi nhưng vẫn bảo đảm đầy đủ điểm tham quan có trong chương trình.</em></p>\r\n'),
(9, 'Tour Sapa : Hà Nội - Khám Phá Sapa', 'Hải Phòng', 'Sapa', '2N1D', 'Ô tô', '2021-12-20', '2021-12-21', 2350000, '20', 1880000, 30, 'sp_1.jpeg', 'sp_2.gif,sp_3.jpeg,sp_4.gif,sp_5.jpeg,sp_6.gif,sp_7.jpeg', 1, 'SP', '<p> Sa Pa ẩn chứa bao điều kỳ diệu bởi...</p>\r\n    <ul>\r\n        <li><strong>Bản Cát Cát:</strong> cuốn hút với những nếp nhà gỗ đơn sơ, những con suối nhỏ chảy róc rách, những tấm thổ cẩm rực rỡ sắc màu và những những người dân tộc nhỏ bé giản đơn.\r\n        </li>\r\n        <li><strong>Khu Du lịch Hàm Rồng:</strong> một ngọn núi có hình đầu rồng thuộc dãy Hoàng Liên Sơn hùng vĩ nằm ngay phía sau nhà thờ đá Sapa. Đây được đánh giá là một trong số ít các các ngọn núi đẹp và kỳ vỹ của Việt Nam có hình tượng đầu rồng độc đáo như vậy. </li>\r\n        <li> <strong>Fansipan</strong>, ngọn núi mệnh danh là “nóc nhà Đông Dương”, thuộc dãy Hoàng Liên Sơn được những người ưa du lịch và khám phá coi là biểu tượng chinh phục của sức trẻ và sự quyết tâm</li>\r\n    </ul>\r\n', '<p>NGÀY 1: HÀ NỘI - SAPA - BẢN CÁT CÁT ( ĂN TRƯA, TỐI)<br />6h30 - 7h00: Xe đón quý khách tại khách sạn khu vực Phố Cổ, Nhà hát lớn Hà Nội, sau đó khởi hành đi Sa Pa.  Đoàn sẽ khởi hành đi Sapa trên đường cao tốc Nội Bài mới, rút ngắn thời gian đi từ Hà Nội đến Sapa. Quý khách có dịp chiêm ngưỡng khung cảnh núi rừng hùng vĩ trên cung đường cao tốc dài nhất Việt Nam trước khi đến với thị trấn Sa Pa thơ mộng, chìm trong mây.<br />Xe Limousine Đón Khách.<br />12h30: Xe đến thị trấn Sa Pa nơi có rất nhiều dân tộc sinh sống như H’mong, Dao, Tày. Hướng dẫn viên sẽ đưa Quý khách ăn trưa tại nhà hàng.<br />13:00: Đoàn bắt đầu hành trình khám phá bản làng Cát Cát - Sìn Chải của người H’Mông - do người Pháp phát hiện và chọn nơi đây làm khu nghỉ dưỡng cho các quan chức từ đầu thế kỷ XX.<br />Đến với bản Cát Cát, du khách sẽ được thăm bản làng Cát Cát, trạm thủy điện Cát Cát, thác nước Cát Cát, itìm hiểu văn hóa, phong tục độc đáo của người dân nơi đây với nghề truyền thống như dệt vải, chạm trổ bạc, rèn nông cụ, tục kéo vợ,...<br />17:00 Đoàn trở lại thị trấn Sa Pa, dùng bữa tối và nghỉ đêm tại khách sạn.<br />NGÀY 2: SAPA – KDL HÀM RỒNG/FANSIPAN - HÀ NỘI ( ĂN SÁNG, TRƯA)<br />7:00 Quý khách thưởng thức bữa sáng tại khách sạn. <br />Opition 1: 9:00 Qúy khách bắt đầu hành trình khám phá Hàm Rồng với phong cảnh kỳ vỹ. Thăm vườn lan Đông Dương với đủ loại lan muôn màu sắc, đầu Rồng Thạch Lâm kỳ vĩ. Vượt qua cổng Trởi 1, cồng Trời 2, Qúy khách sẽ lên tới nơi cao nhất của Hàm Rồng là Sân Mây – nơi giao thoa của đất trời, ngắm nhìn toàn cảnh Sapa trên cao.<br />Opition 2: 9:00 Quý khách khởi hành chinh phục đỉnh Fansipan cao 3143m – nóc nhà Đông Dương. Đây là tuyến cáp treo đạt 2 Kỷ lục Thế giới – Guinness World Record là tuyến cáp treo ba dây có độ chênh giữa ga đi và ga đến lớn nhất thế giới: 1410m và tuyến cáp treo ba dây dài nhất thế giới: 6292.5m. (Vé cáp treo tự túc)<br />12:30 Quý khách thưởng thức ẩm thực Tây Bắc với những nguyên liệu tuơi ngon tại nhà hàng thị trấn Sapa.<br />15:00 Xe đưa đoàn trở về Hà Nội. Chuyến đi kết thúc tại đây. Cảm ơn quý khách đã lựa chọn công ty và xin hẹn gặp lại quý khách!<br />Thứ tự tham quan có thể thay đổi nhưng vẫn đảm bảo đầy đủ điểm trong chương trình.</p>');
INSERT INTO `tour` (`tourID`, `tourName`, `startingPoint`, `destination`, `time`, `transport`, `begin`, `end`, `priceTour`, `sale`, `saleTour`, `numPeople`, `thumbnail`, `galleries`, `typeTour`, `typeDestination`, `schedule`, `detailTour`) VALUES
(10, 'Tour Hạ Long : Vịnh Hạ Long - Hạ Long Park - Bãi Cháy', 'Hải Phòng', 'Hạ Long', '2N1D', 'Ô tô', '2021-12-20', '2021-12-21', 1800000, '10', 1620000, 40, 'hl_1.jpeg', 'hl_2.gif,hl_3.gif,hl_4.gif,hl_5.gif,hl_6.gif,hl_7.gif', 1, 'HL', '<p>Đến với Hạ Long du khách đừng quên...</p>\r\n<ul>\r\n<li>Thưởng thức vẻ đẹp của <strong>Hạ Long</strong> với <strong>Hòn Trống Mái, Lục Đỉnh Hương.</strong></li>\r\n<li><strong>Khám phá Đảo Ti Tốp.</strong></li>\r\n<li> <strong>Hang Sửng Sốt</strong> - Một trong những hang động đẹp nhất <strong>vịnh Hạ Long</strong>.</li>\r\n<li> Chèo Kayak hoặc đi thuyền nan thăm <strong>Hang Luồn</strong>.</li>\r\n</ul>\r\n', '<p>NGÀY 01: HÀ NỘI - BÃI CHÁY (ĂN TRƯA, TỐI)<br />07h30-08h00: Xe và hướng dẫn viên đón Quý khách tại các khách sạn khu vực phố Cổ và Nhà hát lớn Hà Nội khởi hành đi Hạ Long.</p>\r\n    <p>12h00-12h30: Đến cảng tàu Hạ Long, Đoàn tập trung tại nhà chờ theo sự hướng dẫn của hướng dẫn viên đợi mua vé và phát vé cho Quý khách để lên tàu bắt đầu hành trình khám phá Vịnh. Tàu sẽ đi qua rất nhiều các hòn đảo lớn nhỏ với nhiều hình dáng khác nhau có những tên gọi đặc biệt như: Hòn Gà Chọi, hòn Chó Đá, hòn Đỉnh Hương, hòn Ngón Tay... Quý khách thưởng thức bữa trưa trên tàu.</p>\r\n    <p>14h00: Đến đảo Bồ Hòn. Quý khách thăm quan Hang Sửng Sốt - Một trong những hang động đẹp nhất vịnh Hạ Long. Tiếp theo, Quý khách sẽ chèo Kayak hoặc đi thuyền nan thăm Hang Luồn. Sau 30 phút chèo Kayak.</p>\r\n    <p>Quý khách lên tàu để đến với đảo Ti Top. Quý khách có thể tắm biển tại bãi tắm TiTop với bãi cát trắng, hoặc thử trekking leo lên đỉnh núi Ti Top ngắm nhìn toàn cảnh Vịnh Hạ Long.</p>\r\n    <p>16h00: Quý khách quay trở lại tàu. Tàu sẽ di chuyển đưa Quý khách về lại Bến. Quý khách có thể tắm nắng trên boong tàu, nghe nhạc và thư giãn, hòa mình vào thiên nhiên của Vịnh Hạ Long.</p>\r\n    <p>18h00: Tàu cập cảng. Xe ô tô đón Quý khách đưa về khách sạn nhận phòng, nghỉ ngơi.</p>\r\n    <p>19h00: Ăn tối. Buổi tối tự do vui chơi khám phá Chợ Đêm, Phố ẩm thực... Nghỉ đêm tại Hạ Long.</p>\r\n    <p>NGÀY 02: HẠ LONG PARK - HÀ NỘI (ĂN SÁNG, TRƯA) <br />Sáng: Ăn sáng buffet tại khách sạn.</p>\r\n    <p>Buổi sáng Quý khách có thể lựa chọn:</p>\r\n    <p>- Tự do vui chơi tại khu Công viên Hạ Long với nhiều khu vui chơi hấp dẫn (chi phí vé vui chơi tại các khu công viên tự túc):</p>\r\n    <p>- Khu Cáp treo Nữ hoàng và vòng quay Sunwheel khổng lồ trên khu đồi huyền bí</p>\r\n    <p>Sun World Hạ Long Park.</p>\r\n    <p>- Công viên Dragon park với các trò chơi mạo hiểm như tàu lượn, đu quay...</p>\r\n    <p>- Công viên Typhoon water park với các trò chơi liên quan đến nước đầy hấp dẫn</p>\r\n    <p>- Tự do tắm biển Bãi Cháy. </p>\r\n    <p>Biển Bãi Cháy.</p>\r\n    <p>11h00: Quý khách trả phòng khách sạn, ăn trưa tại khách sạn. Sau đó lên xe về Hà Nội.</p>\r\n    <p>17h00: Về đến Hà Nội. Kết thúc chương trình. Hẹn gặp lại quý khách!</p>\r\n    <p>Thời gian đi thăm quan Vịnh Hạ Long có thể được điều chỉnh phù hợp với điều kiện của từng ngày khởi hành hoặc có thể bị thay đổi điều chỉnh phụ thuộc vào thời tiết Hạ Long hoặc sự điều phối của Ban quản lý Vịnh Hạ Long. Mong Quý khách thông cảm!</p>\r\n    <p>Thứ tự lịch trình có thể thay đổi tùy theo tình hình thực tế.</p>\r\n'),
(11, 'Tour TPHCM:Sắc Màu Phật Giáo', 'TP. Hồ Chí Minh', 'TPHCM', '1N', 'Ô tô', '2021-12-31', '2021-12-31', 400000, '5', 380000, 30, 'hcm1_1.jpeg', 'hcm1_2.jpeg,hcm1_3.jpeg,hcm1_4.jpeg,hcm1_5.jpeg,hcm1_6.jpeg,hcm1_7.jpeg', 3, 'HCM', '<ul>\r\n<li>Thăm viếng Chùa Bửu Long, top 10 ngôi chùa có kiến trúc đẹp nhất Thế giới </li>\r\n<li>Hành trình đến với Chùa Nam Thiên Nhất Trụ, một trong những công trình kiến trúc Phật giáo độc đáo bậc nhất của đất Sài Gòn </li>\r\n<li>Tham quan Chùa Vạn Đức, một trong những công trình kiến trúc tôn giáo có quy mô lớn nhất từ trước tới nay</li>\r\n<li>Thăm viếng Tu Viện Khánh An có lịch sử trăm năm, mang phong cách của Phật giáo Bắc Tông, đậm nét kiến trúc Á đông</li>\r\n</ul>\r\n', '<p>SÁNG: TP. HỒ CHÍ MINH – CHÙA BỬU LONG – CHÙA NAM THIÊN NHẤT TRỤ<br />07h00: Xe và HDV đón du khách tại Văn phòng Saigontourist (102 Nguyễn Huệ, Quận 1, TP. Hồ Chí Minh), khởi hành đi Quận 9.<br />07h30: Quý khách dùng điểm tâm sáng. Sau đó bắt đầu chương trình tham quan. <br />08h30: Quý khách thăm viếng Chùa Bửu Long, top 10 ngôi chùa có kiến trúc đẹp nhất Thế giới được bình chọn bởi trang du lịch nổi tiếng thế giới National Geographic. Ngôi chùa với hai tông màu chủ đạo vàng và trắng nổi bật với thiết kế vương giả, hoàng gia, là công trình kiến trúc đặc sắc tiêu biểu cho kết hợp hài hòa giữa văn hóa Thái Lan, Ấn Độ cùng với tinh hoa kiến trúc nhà Nguyễn thật đặc biệt. Tuy mang màu sắc văn hóa Thái và Ấn nhưng chùa Bửu Long vẫn đậm chất văn hóa Việt trong mọi ngóc ngách từ các họa tiết hoa văn chạm trổ đến các bức tượng rồng uy nghi tráng lệ. <br />10h30: Quý khách tiếp tục hành trình đến với Chùa Nam Thiên Nhất Trụ, một trong những công trình kiến trúc Phật giáo độc đáo bậc nhất của đất Sài Gòn, còn được gọi bằng cái tên thân quen là chùa Một Cột. Một phiên bản độc nhất vô nhị của Diên Hựu Tự ở Hà Nội được dựng lên ở xứ sở phương Nam nhằm vẽ lại một thoáng lịch sử trong giấc mơ của Vua Lý Thái Tông, ngôi chùa được dựng lên với hình dáng của một đài sen vươn lên mạnh mẽ giữa lòng hồ sen.<br />12h00: Quý khách dùng cơm trưa chay tại nhà hàng địa phương.<br />CHIỀU: CHÙA VẠN ĐỨC – TU VIỆN KHÁNH AN - TP. HỒ CHÍ MINH<br />13h00: Sau bữa trưa, quý khách tiếp tục tham quan Chùa Vạn Đức, một trong những công trình kiến trúc tôn giáo có quy mô lớn nhất từ trước tới nay. Ngoài giá trị về mặt thẩm mỹ, công trình còn là một kiểu mẫu cho nghệ thuật tạo hình trong kiến trúc hiện đại. Đặc biệt, ngôi chánh điện cao 43,5m, được xem là ngôi chùa có chánh điện cao nhất Việt Nam hiện nay, nhìn từ xa trông giống như một ngọn tháp chín tầng và hai tháp nhỏ năm tầng nhưng bên trong chỉ có hai tầng chính. Ngoài ra, trung tâm chánh điện có “Bức phù điêu cây Bồ đề đắp nổi lớn nhất Việt Nam” được Trung tâm sách Kỷ lục Việt Nam xác lập.<br />15h00: Quý khách tiếp tục thăm viếng Tu Viện Khánh An có lịch sử trăm năm, mang phong cách của Phật giáo Bắc Tông, đậm nét kiến trúc Á đông. Tu viện có nhiều nét kiến trúc tựa như những ngôi chùa ở Nhật Bản, từ chất liệu bằng gỗ, màu sơn cho đến những trang trí, tiểu cảnh đều toát lên hình ảnh của đất nước mặt trời mọc xinh đẹp.  <br />16h30: Xe đưa đoàn về điểm đón ban đầu. Kết thúc chương trình. <br />Thứ tự tham quan có thể thay đổi nhưng vẫn đảm bảo đầy đủ điểm trong chương trình.</p>\r\n'),
(12, 'Tour TPHCM: Theo Dấu Chân Biệt Động Sài Gòn', 'TP. Hồ Chí Minh', 'TPHCM', '1N', 'Ô tô', '2021-12-24', '2021-12-24', 400000, '5', 380000, 40, 'hcm2_1.jpeg', 'hcm2_2.jpeg,hcm2_3.jpeg,hcm2_4.jpeg,hcm2_5.jpeg,hcm2_6.jpeg,hcm2_7.jpeg', 3, 'HCM', '<ul>\r\n<li>Thưởng thức cà phê bơ ăn cùng với giò cháo quẩy nét ẩm thực đặc biệt của người Sài Gòn xưa </li>\r\n<li>Tham quan Di tích Hầm vũ khí bí mật của Biệt Động Sài Gòn </li>\r\n<li>Theo dấu các chiến sỹ Biệt Động Sài Gòn trong trận tấn công Dinh Độc Lập Xuân Mậu Thân 1968 </li>\r\n<li>Đi thang máy từ thời Pháp thuộc độc nhất còn được lưu giữ lại</li>\r\n</ul>\r\n', '<p>- 07h00  : Xe &amp; HDV đón khách. Dùng điểm tâm sáng: <strong>thưởng thức</strong><strong> cà phê bơ ăn cùng với giò cháo quẩy</strong> – nét ẩm thực đặc biệt của người Sài Gòn xưa mà không có nơi đâu có được.<br />- 08h30: Đoàn di chuyển đến <strong>Di tích Hầm vũ khí bí mật của Biệt Động Sài Gòn</strong> với kho vũ khí có sức chứa đến 3 tấn, được công nhận di tích lịch sử, văn hóa cấp quốc gia. Chiêm ngưỡng các kỷ vật của chiến sĩ Biệt động Sài Gòn xưa.<br />- 09h30: Đoàn sẽ<strong> theo dấu các chiến sỹ Biệt Động Sài Gòn trong trận tấn công Dinh Độc Lập Xuân Mậu Thân 1968 </strong>qua các con đường lịch sử với các điểm di tích nổi tiếng: Nguyễn Đình Chiểu (Phan Đình Phùng) – Nguyễn Thị Minh Khai (Hồng Thập Tự) - Lê Duẩn (Thống Nhất) với Lãnh Sự Quán Mỹ- Dinh Độc Lập <em>(tham quan bên ngoài)</em>10h00: Chụp hình kỉ niệm tại cổng Dinh Độc Lập. Khách đi bộ đến tham quan <strong>Bia tưởng niệm các chiến sỹ Biệt động Sài Gòn hy </strong>sinh trong cuộc tấn công Dinh Độc Lập -Chiến dịch Mậu Thân 1968 <br />- 10h30: Xe đưa đoàn đến <strong>Bảo tàng Tình báo Biệt Động Sài Gòn - Gia Định</strong>, nơi có nhiều giá trị lịch sử đặc biệt thú vị:<br />+ Trải nghiệm <strong>đi thang máy từ thời Pháp thuộc</strong> độc nhất còn được lưu giữ lại. <br />+<strong> Bảo tàng thông minh, bàn xoay kỳ diệu, kính thực tế ảo VR</strong>, các hiện vật trong hoạt động tình báo còn được lưu giữ lại tại bảo tàng... <br />+ Nghe kể chuyện thú vị về <strong>chiếc xe Solex cổ</strong> đặc biệt của ông Trần Văn Lai.</p>\r\n    <p>- 11h00: Quý khách được xem phim tư liệu quý báu về Đội Biệt động Sài Gòn và trải nghiệm kính thực tế ảo VR, cũng như chụp hình sống ảo với các khung cảnh Sài Gòn thập niên 1960-1970</p>\r\n    <p>- 12h00: Ăn trưa: <strong>Cơm tấm Đại Hàn</strong> với món kim chi độc đáo ăn kèm cơm tấm Sài Gòn</p>\r\n    <p>Kết thúc chương trình. Trở về điểm khởi hành.<br /><em>Thứ tự tham quan có thể thay đổi nhưng vẫn đảm bảo đầy đủ điểm trong chương trình.</em></p>\r\n');

-- --------------------------------------------------------

--
-- Cấu trúc bảng cho bảng `typetours`
--

CREATE TABLE `typetours` (
  `typeTour` int(11) NOT NULL,
  `typeName` varchar(128) NOT NULL
) ENGINE=InnoDB DEFAULT CHARSET=utf8mb4;

--
-- Đang đổ dữ liệu cho bảng `typetours`
--

INSERT INTO `typetours` (`typeTour`, `typeName`) VALUES
(1, 'Miền Bắc'),
(2, 'Miền Trung'),
(3, 'Miền Nam');

--
-- Chỉ mục cho các bảng đã đổ
--

--
-- Chỉ mục cho bảng `bill`
--
ALTER TABLE `bill`
  ADD PRIMARY KEY (`codeBill`);

--
-- Chỉ mục cho bảng `customer`
--
ALTER TABLE `customer`
  ADD PRIMARY KEY (`codeCustomer`);

--
-- Chỉ mục cho bảng `detailbill`
--
ALTER TABLE `detailbill`
  ADD PRIMARY KEY (`codeBill`),
  ADD KEY `FK_detailBill_tour` (`tourID`);

--
-- Chỉ mục cho bảng `tour`
--
ALTER TABLE `tour`
  ADD PRIMARY KEY (`tourID`),
  ADD KEY `FK_tour_type` (`typeTour`);

--
-- Chỉ mục cho bảng `typetours`
--
ALTER TABLE `typetours`
  ADD PRIMARY KEY (`typeTour`);

--
-- AUTO_INCREMENT cho các bảng đã đổ
--

--
-- AUTO_INCREMENT cho bảng `bill`
--
ALTER TABLE `bill`
  MODIFY `codeBill` int(6) NOT NULL AUTO_INCREMENT, AUTO_INCREMENT=22;

--
-- AUTO_INCREMENT cho bảng `customer`
--
ALTER TABLE `customer`
  MODIFY `codeCustomer` int(6) NOT NULL AUTO_INCREMENT, AUTO_INCREMENT=20;

--
-- AUTO_INCREMENT cho bảng `tour`
--
ALTER TABLE `tour`
  MODIFY `tourID` int(11) NOT NULL AUTO_INCREMENT, AUTO_INCREMENT=13;

--
-- AUTO_INCREMENT cho bảng `typetours`
--
ALTER TABLE `typetours`
  MODIFY `typeTour` int(11) NOT NULL AUTO_INCREMENT, AUTO_INCREMENT=4;

--
-- Các ràng buộc cho các bảng đã đổ
--

--
-- Các ràng buộc cho bảng `detailbill`
--
ALTER TABLE `detailbill`
  ADD CONSTRAINT `FK_detailBill_bill` FOREIGN KEY (`codeBill`) REFERENCES `bill` (`codeBill`),
  ADD CONSTRAINT `FK_detailBill_tour` FOREIGN KEY (`tourID`) REFERENCES `tour` (`tourID`);
COMMIT;

/*!40101 SET CHARACTER_SET_CLIENT=@OLD_CHARACTER_SET_CLIENT */;
/*!40101 SET CHARACTER_SET_RESULTS=@OLD_CHARACTER_SET_RESULTS */;
/*!40101 SET COLLATION_CONNECTION=@OLD_COLLATION_CONNECTION */;
